{
  "trial_num": 24,
  "best_rmse": 38504.56921239492,
  "best_params": {
    "learning_rate": 0.03162246124837983,
    "num_leaves": 255,
    "max_depth": 5,
    "min_child_samples": 72,
    "reg_alpha": 1.1102912626066015,
    "reg_lambda": 0.004945389494970442,
    "min_split_gain": 0.0016604617978593851,
    "subsample": 0.8281762227335532,
    "subsample_freq": 6,
    "colsample_bytree": 0.7793992915216571,
    "feature_fraction": 0.8949828442656663
  },
  "all_results": [
    {
      "trial": 1,
      "rmse": 40875.746892289215,
      "fold_scores": [
        41773.61857655127,
        41779.523969668146,
        40123.4781717602,
        40013.843068074006,
        40651.72802857245
      ],
      "params": {
        "learning_rate": 0.023688639503640783,
        "num_leaves": 244,
        "max_depth": 13,
        "min_child_samples": 62,
        "reg_alpha": 0.004207988669606638,
        "reg_lambda": 0.004207053950287938,
        "min_split_gain": 0.05808361216819946,
        "subsample": 0.9330880728874675,
        "subsample_freq": 5,
        "colsample_bytree": 0.8540362888980227,
        "feature_fraction": 0.5102922471479012
      },
      "time": 13.15282917022705
    },
    {
      "trial": 2,
      "rmse": 45140.11559196998,
      "fold_scores": [
        46278.481436954746,
        45764.96020439207,
        44517.93843608502,
        44024.96801316527,
        45077.36067743534
      ],
      "params": {
        "learning_rate": 0.09330606024425668,
        "num_leaves": 218,
        "max_depth": 7,
        "min_child_samples": 22,
        "reg_alpha": 0.00541524411940254,
        "reg_lambda": 0.016480446427978974,
        "min_split_gain": 0.5247564316322378,
        "subsample": 0.7159725093210578,
        "subsample_freq": 3,
        "colsample_bytree": 0.8059264473611898,
        "feature_fraction": 0.569746930326021
      },
      "time": 2.081594467163086
    },
    {
      "trial": 3,
      "rmse": 46305.8845338698,
      "fold_scores": [
        47610.67370873637,
        47314.28482724649,
        45098.702213230674,
        45325.31084983473,
        46124.51792648726
      ],
      "params": {
        "learning_rate": 0.019594972058679168,
        "num_leaves": 113,
        "max_depth": 10,
        "min_child_samples": 80,
        "reg_alpha": 0.006290644294586149,
        "reg_lambda": 0.11400863701127326,
        "min_split_gain": 0.5924145688620425,
        "subsample": 0.5232252063599989,
        "subsample_freq": 5,
        "colsample_bytree": 0.5852620618436457,
        "feature_fraction": 0.5325257964926398
      },
      "time": 5.254872560501099
    },
    {
      "trial": 4,
      "rmse": 44365.990107425256,
      "fold_scores": [
        45506.92582816909,
        45515.83133654705,
        43504.252277634536,
        43355.30220550797,
        43895.60857859035
      ],
      "params": {
        "learning_rate": 0.08889667907018929,
        "num_leaves": 248,
        "max_depth": 13,
        "min_child_samples": 34,
        "reg_alpha": 0.002458603276328005,
        "reg_lambda": 0.5456725485601477,
        "min_split_gain": 0.4401524937396013,
        "subsample": 0.5610191174223894,
        "subsample_freq": 4,
        "colsample_bytree": 0.5171942605576092,
        "feature_fraction": 0.954660201039391
      },
      "time": 2.345188617706299
    },
    {
      "trial": 5,
      "rmse": 45829.680028179086,
      "fold_scores": [
        47031.46416848323,
        46662.73392264795,
        44825.422092214685,
        44882.391942802766,
        45701.999052297135
      ],
      "params": {
        "learning_rate": 0.01814596135349025,
        "num_leaves": 180,
        "max_depth": 8,
        "min_child_samples": 54,
        "reg_alpha": 0.1537592023548176,
        "reg_lambda": 0.0054880470007660455,
        "min_split_gain": 0.9695846277645586,
        "subsample": 0.8875664116805573,
        "subsample_freq": 7,
        "colsample_bytree": 0.9474136752138245,
        "feature_fraction": 0.7989499894055425
      },
      "time": 6.917818069458008
    },
    {
      "trial": 6,
      "rmse": 44229.88479166036,
      "fold_scores": [
        45053.39005692087,
        45388.866920571694,
        43394.80376436518,
        43386.3799368377,
        43885.80615000068
      ],
      "params": {
        "learning_rate": 0.0835361075531176,
        "num_leaves": 50,
        "max_depth": 7,
        "min_child_samples": 9,
        "reg_alpha": 0.02001342062287998,
        "reg_lambda": 0.03586816498627549,
        "min_split_gain": 0.2713490317738959,
        "subsample": 0.9143687545759647,
        "subsample_freq": 3,
        "colsample_bytree": 0.6404672548436904,
        "feature_fraction": 0.7713480415791243
      },
      "time": 2.633800745010376
    },
    {
      "trial": 7,
      "rmse": 40007.11808054729,
      "fold_scores": [
        40877.09491064324,
        41002.45255248729,
        38900.97722272195,
        38991.362512898115,
        40213.08153363503
      ],
      "params": {
        "learning_rate": 0.013833249975219963,
        "num_leaves": 211,
        "max_depth": 5,
        "min_child_samples": 99,
        "reg_alpha": 1.2273800987852967,
        "reg_lambda": 0.0062353771356731605,
        "min_split_gain": 0.005522117123602399,
        "subsample": 0.9077307142274171,
        "subsample_freq": 5,
        "colsample_bytree": 0.8645035840204937,
        "feature_fraction": 0.8856351733429728
      },
      "time": 153.57059931755066
    },
    {
      "trial": 8,
      "rmse": 42177.37548260145,
      "fold_scores": [
        43225.377999400655,
        43359.14971461775,
        40692.26036000633,
        41186.64846661654,
        42355.6276927275
      ],
      "params": {
        "learning_rate": 0.011858906685575274,
        "num_leaves": 111,
        "max_depth": 6,
        "min_child_samples": 87,
        "reg_alpha": 0.3113095956122124,
        "reg_lambda": 0.021066486017042207,
        "min_split_gain": 0.06355835028602363,
        "subsample": 0.6554911608578311,
        "subsample_freq": 3,
        "colsample_bytree": 0.864803089169032,
        "feature_fraction": 0.8187787356776066
      },
      "time": 52.680255651474
    },
    {
      "trial": 9,
      "rmse": 47254.494541971464,
      "fold_scores": [
        48774.51884125117,
        48252.10828714443,
        45829.3383787488,
        46087.76235649068,
        47257.75912694767
      ],
      "params": {
        "learning_rate": 0.07712811947156349,
        "num_leaves": 137,
        "max_depth": 6,
        "min_child_samples": 73,
        "reg_alpha": 1.1044350847124695,
        "reg_lambda": 0.17583640270008521,
        "min_split_gain": 0.770967179954561,
        "subsample": 0.7468977981821954,
        "subsample_freq": 4,
        "colsample_bytree": 0.7137705091792748,
        "feature_fraction": 0.5127095633720475
      },
      "time": 3.467719793319702
    },
    {
      "trial": 10,
      "rmse": 44382.775418951904,
      "fold_scores": [
        45333.90828127301,
        45358.297610620364,
        43475.840595572474,
        43469.799477897956,
        44236.14933921913
      ],
      "params": {
        "learning_rate": 0.0128201004189169,
        "num_leaves": 38,
        "max_depth": 12,
        "min_child_samples": 35,
        "reg_alpha": 0.1082138291061399,
        "reg_lambda": 4.268407710065496,
        "min_split_gain": 0.24929222914887494,
        "subsample": 0.7051914615178149,
        "subsample_freq": 6,
        "colsample_bytree": 0.6143990827458112,
        "feature_fraction": 0.5384899549143964
      },
      "time": 13.294848680496216
    },
    {
      "trial": 11,
      "rmse": 46315.99548476244,
      "fold_scores": [
        47693.05877151188,
        47353.22954183659,
        44608.223726410855,
        45581.57040560935,
        46274.38037052253
      ],
      "params": {
        "learning_rate": 0.04781724219262293,
        "num_leaves": 188,
        "max_depth": 15,